일단 시작해 봐! : 이명랑 청소년 소설,https://www.mcst.go.kr//attachFiles/cultureInfoCourt/monthServ/1609748867780.jpg,지은이: 이명랑  그림: 뻑새,출판사:애플북스 : 비전비엔피,총페이지:156쪽,출판년도:2020년,추천자:임옥희,"도서소개:꿈이 없어도 살아갈 수는 있다. 하지만 꿈이 있다면 목표를 향해 나아가며 더 의미 있고 풍요로운 삶이 될 수 있지 않을까! 이 책의 주인공 태양이는 이렇다 할 꿈이 없다. 그러던 중 담임 선생님이 자유학기제 수업에서 서로의 꿈 찾기를 도와주라는 모듬 과제를 낸다. 태양이는 자기 꿈이 뭔지도 모르면서 남의 꿈을 찾아 줘야 하는 게 불만스럽다. 하지만 모듬 친구인 영웅이 할머니의 꿈이 노래자랑대회 참가라는 사실을 우연히 알고 이를 돕기 시작한다. 또 같은 모듬인 명랑이의 꿈은 작가이지만 도전을 두려워하는 걸 알게 되기도 한다. 태양이와 친구들은 다른 사람의 꿈을 찾아주는 과정을 통해 자신의 꿈을 깨닫고 꿈에 다가갈 용기를 얻는다. 이 책은, 아직 자신의 꿈을 찾지 못하고 자신에게는 아무 재능이 없다고 여길 많은 청소년에게 자기 이야기 같다는 공감을 통해 희망을 북돋는다."
글자를 품은 그림,https://www.mcst.go.kr//attachFiles/cultureInfoCourt/monthServ/1609748493276.jpg,윤미경 글  김동성 그림,출판사:다림,총페이지:152쪽,출판년도:2020년,추천자:이윤경,"도서소개:초등학교 6학년인 희원이의 별명은 ‘똥입’일 정도로 입이 거칠다. 오늘도 별명을 지어준 한수호와 교실에서 몸싸움을 했다. 희원이도 맨 처음부터 욕을 했던 것은 아니었다. 엄마가 청각장애인이라는 이유로 친구들이 희원을 무시하고, 집 담벼락에 욕 낙서까지 끊이지 않는 걸 보며 희원이는 더 거칠어졌다. 반면 엄마는 욕이 쓰여 있는 담벼락에 멧돼지, 들쥐 떼, 늑대, 왕거미줄, 빨간 원피스를 입은 여자 아이를 며칠 째 그려 넣기만 한다. 학교에서 돌아오니 엄마가 사라진 집에서 희원은 벽 속 그림으로 빨려 들어가게 되는데……. 청각장애인 엄마가 겪는 혐오와 차별에 상처받아 마음도 말도 거칠어진 희원이는 그림 속 환상 세계에서 비로소 엄마의 마음도 깨닫고 자신의 태도를 되돌아보며, 정말 소중한 것이 무엇인지 알게 된다."
오염물이 터졌다!,https://www.mcst.go.kr//attachFiles/cultureInfoCourt/monthServ/1609748416766.jpg,송수혜 글·그림,출판사:미세기,총페이지:44쪽,출판년도:년,추천자:최은실,"도서소개:‘환경오염’에서 벗어날 수 없는 시대이다. 다양한 환경오염 중 이 책은 ‘물’ 부족과 수질 오염에 대해 이야기한다. 대한민국은 1인당 가용 수자원량이 적다고 UN이 지정한 ‘물 스트레스 국가’이다. 물의 소중함은 누구나 알고 있지만, 그 소중함을 생각하고 물을 아끼려는 사람은 얼마나 될까? 이 책은 어느 일요일 아침 주인공 철이의 꿈으로 시작된다. 철이네 가족이 물을 낭비할수록 오염물의 덩치가 점점 커지다가 결국에는 집이 난장판이 되는 꿈은 심각한 수질오염 상태의 위험성을 나타낸다. ‘오염물’의 정체를 알게 된 철이는 더 이상 오염물을 만들지 않도록 생활 속에서 물 아끼기를 실천한다. 책 마지막 부분에서는 유쾌한 삽화로 물에 대한 다양한 정보를 전달하며 어린이에게 어려울 수 있는 수질오염을 쉽게 설명한다. 언제나 곁에 있어 소중한 줄 몰랐던 ‘물’에 대해 아이와 대화를 나눌 수 있는 책이다."
색깔의 비밀,https://www.mcst.go.kr//attachFiles/cultureInfoCourt/monthServ/1609748387013.jpg,"차재혁, 최은영 지음",출판사:논장,총페이지:34쪽,출판년도:2020년,추천자:김현성,"도서소개:산속에 살고 있는 사이좋은 네 형제는 보라, 파랑, 초록, 빨강으로 피부색이 각기 다르다. 어느 날 막내의 빨강색이 사라지면서 형제들은 걱정과 혼란에 휩싸인다. 막내의 색깔을 되찾아 주기 위해서 빨간 음식도 먹여 보고, 빨간 옷도 입혀 보지만 막내의 색깔은 되돌아오지 않는다. 얼마 뒤 다른 형제들의 색깔까지 모두 사라지지만 형제들은 더 이상 걱정하지 않고 있는 그대로를 받아들이면서 서로 도우며 행복하게 살아간다. 사람들은 변화에 대한 두려움, 다름에 대한 거부감을 갖고 산다. 나와 다르다는 이유만으로 잘못되었다 하면서 자기 색깔로만 물들이려고 한다. 하지만 세상에 영원한 건 없고, 변하지 않는 것 또한 없다. 다른 사람의 변화와 다름을 인정하고 있는 그대로 받아들여야 한다는 것을 일깨워 주는 그림책이다."
격리된 아이,https://www.mcst.go.kr//attachFiles/cultureInfoCourt/monthServ/1612224636257.jpg,"지은이: 김소연, 윤혜숙, 정명섭",출판사:우리학교,총페이지:172쪽,출판년도:2020년,추천자:한원민,"도서소개:세 명의 청소년소설 작가가 코로나 19 시기의 사회적 변화를 청소년의 경험과 시선으로 그린 앤솔로지다. 첫 작품 <격리된 아이>는 ‘자가 격리’와 ‘사회적 거리두기’의 면면을 생생하게 스케치하며 소통이 단절된 일상을 공포와 연결시킨다. <거짓말>에서는 감염의심자인 청소년이 동선을 조사받는 장면을 단편 영화처럼 보여준다. 주인공의 진술이 계속 뒤바뀌면서 독자를 진실 찾기 게임에 빠트리는 긴장감이 있다. 마지막 <마스크 한 장>은 아르바이트를 하려고 마스크를 구하는 청소년이 겪는 우여곡절을 담았다. 세 개의 이야기에서 청소년들은 전염병만큼 두려운 사회적 공포와 불안을 몸소 겪는다. 전염병 상황에서 불거진 우리 사회의 어두운 일면이다. 그러나 이 책이 결국 말하는 건 오늘의 현실을 살아가는 독자에게 건네는 공감과 위로의 메시지다."
라면을 먹으면 숲이 사라져,https://www.mcst.go.kr//attachFiles/cultureInfoCourt/monthServ/1612224594687.jpg,최원형 글  이시누 그림,출판사:책읽는곰,총페이지:215쪽,출판년도:2020년,추천자:박효진,"도서소개:간편하고 맛있는 한끼로 남녀노소 누구에게나 인기 만점인 라면. 이런 라면을 먹으면 숲이 사라진다니? 라면과 숲은 전혀 관계가 없어 보인다. 하지만 바삭한 라면을 만들려면 팜유가 필요하고, 팜유를 생산할 기름야자 농장을 늘리기 위해 숲을 불태우기도 한다. 아마 대부분 사람들은 생각하지 못했을 것이다. 이뿐만 아니다. 내가 무심코 입은 패딩 점퍼가 동물에게 얼마나 큰 고통을 주는지, 당연하게 제설제로 사용했던 염화 칼슘이 어떤 부작용을 일으키는지 등등……. 이 책은 우리가 일상생활 속에서 무심코 했던 행동과 선택들이 우리의 삶과 자연 생태계에 어떤 영향을 미치는지 쉽고 재미있는 대화형식으로 설명해준다. 지금이라도 나와 우리의 더 나은 삶을 위해 제대로 현실을 알고 작은 것 하나라도 실천하고자 하는 모든 어린이에게 추천한다."
쿵작쿵작 사진관이 왔어요!,https://www.mcst.go.kr//attachFiles/cultureInfoCourt/monthServ/1612224564759.jpg,글: 양혜원  그림: 정소영,출판사:밝은미래,총페이지:45쪽,출판년도:2020년,추천자:최성희,"도서소개:쿵작쿵작 소리를 울리며 손수레 이동 사진관이 오자, 동네 사람들이 모여 사진을 찍고 구경한다. 독사진을 찍고 싶은 주인공 미영이는 후다닥 집으로 달려가 사진관이 왔다고 알리지만, 엄마는 다음에 이동 사진관이 또 오면 찍어 주겠다고 한다. 드디어 이동 사진관이 다시 찾아온 날, 하루하루 손꼽아 기다리던 미영이는 사진을 찍을 수 있을까? 중요한 날에만 사진을 찍을 수 있었던 1970년대 손수레 이동 사진관 이야기가 담긴 이 책에는 사진관뿐만 아니라 한옥, 장독대, 소반 등 그 시절의 생활을 알려주는 정겨운 그림들이 가득하다. 또한 ‘돌려 보는 통통 뉴스’ 코너를 통해 한국인 최초의 사진, 필름 카메라 등 사진에 대한 재미있는 지식과 역사를 알 수 있다. 스마트폰만 있으면 쉽게 사진을 찍을 수 있는 요즘, 여러 날을 기다려 찍는 사진 이야기가 흥미롭다."
내 멋대로 슈크림빵 : 김지안 그림책,https://www.mcst.go.kr//attachFiles/cultureInfoCourt/monthServ/1612224530247.jpg,글·그림: 김지안,출판사:웅진주니어 : 웅진씽크빅,총페이지:45쪽,출판년도:2020년,추천자:김현옥,"도서소개:슈크림 속이 없다는 이유로 제빵사가 쓰레기통에 버린 빵들이 스스로 슈크림을 찾아 나선다. 이들은 과연 원하는 대로 슈크림빵이 될 수 있을까? 붕어빵처럼 노래를 잘 부르고 싶어 단팥을 넣은 빵, 함께 하고픈 친구인 만두를 만나 김치 속을 채운 빵, 단단한 콩자반을 채운 후 먼 길을 떠날 용기가 생긴 빵, 아직 좋아하는 걸 더 찾고 싶다는 빵까지……. 엉뚱하고 기발한 이들이 자신의 ‘빵심 ’을 찾아가는 여정이 사뭇 유쾌하고 발랄하다. 내 삶의 행복은 누군가 정해주는 것도 아니고 정답이 있지 않다. 내가 애써 찾은 것들이 나만의 속을 가득 채울 수 있다는 걸 빵들이 이야기하는 것 같다. 그런데 슈크림 말고 다른 속을 채워도 슈크림빵일까? 빵들은 과연 계획대로 다시 빵집으로 돌아갔을까? 사랑스럽고 개성 강한 다섯 빵들의 자아 찾기 대모험을 기대하시라!"
흥미진진 핵의 세계사 : 평화네트워크 욱쌤이 들려주는 20가지 핵무기 이야기,https://www.mcst.go.kr//attachFiles/cultureInfoCourt/monthServ/1614837949467.jpg,정욱식 글  소복이 그림,출판사:갈마바람,총페이지:202쪽,출판년도:2020년,추천자:윤덕영,"도서소개:1945년 8월 일본 히로시마와 나가사키에 핵폭탄이 투하된다. 일본은 패망을 했고 우리나라는 광복을 맞이했다. 핵은 전쟁을 억제하기도 하고, 에너지 문제도 해결해 준다고들 한다. 그러나 역사에 비친 핵은 불안과 갈등이다. 북한 핵무기는 언제나 뉴스매체를 뜨겁게 한다. 핵으로 시작된 우리 현대사는 아직까지 그 위력 아래 진행형이다. 시민단체 평화네트워크에서 활동하고 있는 저자는 지난 80여 년 세계사 주요 장면을 ‘핵’이라는 프리즘으로 분석하는 일을 해왔다. 저자는 청소년들이 핵에 대해 진지하게 생각해 볼 기회를 갖게 할 목적으로 이 책을 썼다고 한다. 핵무기를 둘러싼 갈등과 사건에 대한 20가지 이야기는 무거운 핵 문제에 독자가 다가가게 해준다. 우리 청소년들에게 전쟁과 핵 없는 평화의 세상을 열어가는 지혜를 더해 줄 것이다."
아무것도 안 하는 녀석들,https://www.mcst.go.kr//attachFiles/cultureInfoCourt/monthServ/1614837890704.jpg,김려령 지음  최민호 그림,출판사:문학과지성사,총페이지:151쪽,출판년도:2020년,추천자:황인혜,"도서소개:삼촌에게 사기를 당해 집을 잃은 현성이와, 새엄마와 살게 된 장우는 새로운 환경에서 어려움을 겪는 중이다. 그러던 중 둘은 현성이가 살고 있는 비닐하우스 옆 동의 빈 꽃집 일부를 아지트로 만든다. 경제적 곤란과 가족 문제로 항상 불안하고 속상한 상황 속에서 둘은 서로의 이야기를 털어 놓으며 더욱 친해진다. 그곳에서 우연히 아무것도 안하고 1시간 동안 가만히 있는 자세를 찍은 유튜브 동영상을 올리고 조회수가 점점 늘어나게 되는데……. 이 책은 불행 앞에서 좌절하지 않고 일상 속에서 희망을 찾아가며 성장하는 친구들의 이야기다. 그들은 마주한 현실을 회피하거나 우울해하지 않고, 유튜브라는 탈출구를 통해 세상과 소통하고 위로받으며 극복해나간다. 어려운 난관을 슬기롭게 이겨내는 두 친구의 긍정적인 태도를 배울 수 있고 읽을수록 마음이 따뜻해지는 책으로 어린이·청소년과 부모가 함께 읽는 것을 추천한다."
우리는 물이야 : 빅 히스토리로 시작하는 화학 공부,https://www.mcst.go.kr//attachFiles/cultureInfoCourt/monthServ/1614837807632.jpg,이정모 지음  김진혁 그림,출판사:아이들은자연이다,총페이지:47쪽,출판년도:2020년,추천자:갈윤주,"도서소개:우리는 36.5도의 미지근한 물이 담긴 물주머니다 . 왜 쇠로 만들어진 로봇처럼 단단한 존재가 아니라 모기도 물리고, 멍도 쉽게 드는 물렁물렁한 물 덩어리인 걸까? 우리 몸에 필요한 단백질과 철분 같은 물질이 서로 만나고, 쪼개지고, 합쳐지는 작용을 도와주는 성분이 바로 물이기 때문이다. 이 책은 화학자들이 오랜 실험을 통해 알아낸 물의 형태, 밀도, 그리고 우리 몸 안에 있는 물의 역할에 대해서 가르쳐준다. 자칫 어렵게 느껴질 수 있는 화학에 관한 내용을 의인화된 물 분자의 등장과 일상생활에서 쉽게 볼 수 있는 예를 통해 흥미롭게 풀어냈다. 생명을 이루고 있는 작은 원소인 물에 대해 알아보고, 우리 주변에 존재하고 있는 물의 다양한 모습에 대해 이야기해 볼 수 있는 책이다."
다섯 살 감정 여행 : 10가지 기본 감정을 배워요!,https://www.mcst.go.kr//attachFiles/cultureInfoCourt/monthServ/1614837726066.jpg,"지은이: 크리스티나 누녜스 페레이라, 라파엘 R. 발카르셀  그림: 가브리엘라 티에리  캐릭터 개발 및 디자인: 레이레 마옌디아  옮긴이: 김유경",출판사:눈코입,총페이지:71쪽,출판년도:2020년,추천자:김현성,"도서소개:솜솜이는 생일파티를 하기 위해 집에서 친구들을 기다린다. 하지만 기다리던 친구들이 오지 않아 슬퍼한다. 단단이와 통글이는 생일 선물로 줄 산딸기와 왕관을 가지고 솜솜이를 찾아 간다. 세 친구는 서로 만나 생일 파티를 하며 즐거운 시간을 보낸다. 기쁨과 슬픔, 기대와 실망 등 10가지 기본 감정을 단순하지만 흥미로운 이야기와 재미있는 그림으로 보여 준다. 책 말미에서는 슬픔, 부끄러움, 두려움 등 아이들이 혼자 감당하기 어려운 감정을 느낄 때 극복할 수 있는 방법을 알려 준다. 감정 표현에 서툰 아이들이 감정 표현 방법을 배우고 타인의 감정을 이해하는 데 도움을 주는 그림책이다."
행운이 너에게 다가오는 중 : 이꽃님 장편소설,https://www.mcst.go.kr//attachFiles/cultureInfoCourt/monthServ/1617599847036.jpg,지은이: 이꽃님,출판사:문학동네,총페이지:199쪽,출판년도:2020년,추천자:임옥희,"도서소개:최근 뉴스를 통해 가정폭력이나 학대에 관한 사건 보도를 접한다. 특히 피해자가 어린이인 경우 더욱 놀라고 경악하게 된다. 이 책에 나오는 15살 은재도 아빠에게 폭력과 학대를 당하고 있다. 같은 반 친구 형수와 우영이는 이 사실을 알고 밤새 잠을 이루지 못한다. 은재는 최선을 다해 아무렇지도 않은 척하며 스스로 친구를 거부하고 체념하며 살아간다. 과연 은재는 이 폭력에서 벗어날 수 있을까? 이 책은 특별하게도 ‘행운’이 화자가 되어 이야기를 한다. 하지만 멀리서 떨어지는 행운이 폭력에서 구출해주는 건 아니다. 스스로를 구하려는 은재의 용기와, 위험에 처한 이를 구출하려는 친구들의 의지가 비로소 새 길을 만든다. 청소년들의 우정과 연대가 어른의 폭력에 대항하는 과정이 용기와 감동을 주는 책이다."
시험지 괴물,https://www.mcst.go.kr//attachFiles/cultureInfoCourt/monthServ/1617599808685.jpg,이기규 글  홍연시 그림,출판사:휴먼어린이,총페이지:194쪽,출판년도:2020년,추천자:이윤경,"도서소개:송중초 6학년 7반 교실, 담임 선생님이 국어시험지를 나눠주었다. 부모 말을 잘 듣는 영훈과 왕따를 당하는 세희는 100점, 과학을 잘하는 호준은 80점, 축구를 잘하는 수호의 점수는 72점, 장난기가 많고 달리기를 잘하는 민기는 15점을 받았다. 민기는 시험지를 가방에 넣고 집으로 돌아오다 시험지를 뺏어가는 괴물을 만났다. 다음날 선생님은 시험지를 빼앗긴 민기 말을 거짓말이라 생각하고, 교실청소를 시켰다. 민기가 잔뜩 억울해하자 수호와 세희도 시험지 괴물을 만났다고 이야기 한다. 민기, 수호, 세희, 그리고 호준은 괴물에게 시험지를 또 빼앗기지 않기 위해, 시험지 괴물을 믿지 않는 선생님과 친구들에게 웃음거리가 되지 않기 위해 함께 힘을 모으기로 한다. 네 명의 친구들은 괴물을 물리치고 시험지를 지켜낼 수 있을까? 이들은 괴물을 물리치기 위해 힘을 합치면서 서로에게 소중한 친구들임을 알게 되고, 쓸모 있는 존재임을 깨닫게 된다."
왜 인사 안 해요?,https://www.mcst.go.kr//attachFiles/cultureInfoCourt/monthServ/1617599775197.jpg,라우리스 군다스 글  아네테 멜레세 그림  양진희 옮김,출판사:미래아이 : 미래M&B,총페이지:93쪽,출판년도:2020년,추천자:최은실,"도서소개:새 학기가 시작되었다. 작년 한 해는 코로나19로 새 학기가 되어도 등교를 할 수 없는 한 해였다. 들뜨고 새로운 마음으로 등교하고 친구들과 인사를 나누는 평범한 일상이 소중해지는 요즘이다. 사회적 거리두기가 시행되고, 마스크를 항상 착용해야 하는 이 시기에 새로운 친구에게 먼저 다가가 ‘안녕’ 하고 인사 해보자. 간단한 인사로, 어색하고 차가웠던 공기가 따뜻해짐을 느낄 수 있을 것이다. 하지만 낯선 환경에서 새로운 사람들에게 먼저 인사를 건네는 것은 아이뿐만 아니라 어른들도 어색한 일이다. 어른들은 어색함을 애써 무시한 채 아이들에게만 인사를 권한다. 이 책 역시 ‘인사’에 관한 이야기다. 로티의 할아버지는 동네 누구와도 인사하지 않는다. 왜 인사를 하지 않느냐는 로티의 질문에 선뜻 답할 수 없다. 할아버지가 할 수 있는 대답은 동네에 살고 있는 어른들은 그 누구도 서로 인사를 하지 않기 때문이라고 한다. 8살 손녀 로티의 ‘할아버지 인사하기 대작전’이 펼쳐지고 할아버지의 작은 인사를 시작으로 ‘인사나누기’는 유행이 되고 영화로 제작되기도 한다. 새 학기에 적응하는 아이에게 관계를 맺는 것은 사소하고 기본적인 인사부터 시작하면 된다는 용기를 줄 수 있는 책이다."
상자 세상,https://www.mcst.go.kr//attachFiles/cultureInfoCourt/monthServ/1617599668302.jpg,윤여림 글  이명하 그림,출판사:천개의바람,총페이지:45쪽,출판년도:2020년,추천자:김현옥,"도서소개:입을 다물지 못한 채 놀란 표정, 그런데 그 얼굴의 주인공은 택배 상자이다. 택배 상자는 왜 이런 표정을 짓고 있을까? 주문된 물건이 주인에게 도착하자마자 상자는 쓰레기로 바로 버려진다. 집, 벤치, 콘크리트까지 닥치는 대로 먹어치우는 상자의 반란은 현대인의 무분별한 소비행태와 부주의를 대변하듯 거침없다. 하지만 작가는 상자들의 표정과 행동을 익살스럽게 표현하여 독자에게 환경문제라는 주제를 지나치게 노출하거나 무겁게 접근하지 않는 방식으로 표현한다. 상자들이 심심하다며 기억놀이를 한다고 할 땐 웃음이 난다. 수영복, 이야기책, 세탁기 등 우리가 소비하는 물건들이 이렇게나 다양하고 많았던가? 누군가 기억을 더듬어 ‘나는 꿈에서 나무였다’ 라는 독백을 하는 부분에서는 놀라고 마음이 뜨끔했다. 필요에 의해 만들어진 수많은 물건들이 결국은 우리의 터전을 훼손하고 있다는 걸 생각하면 가벼이 여길 수 없는 문제이기 때문이다. 작가가 그려낸 상자 캐릭터들의 유쾌하고 익살맞은 표정들을 보는 재미와 함께, 환경문제에 대한 묵직한 울림을 주는 그림책이다."
검은 햇빛 : 백은영 장편소설,https://www.mcst.go.kr//attachFiles/cultureInfoCourt/monthServ/1620014977690.jpg,백은영,출판사:길베르트,총페이지:쪽,출판년도:2020년,추천자:한원민,"도서소개:이 책은 검은 태양이 비추는 흑백 세상을 배경으로 하는 SF소설이다. 이야기의 배경과 제목만 봐서는 우중충한 잿빛 이미지일 것 같지만 흑백 세상 속에서 유일하게 색깔을 보고 다른 사람에게 색깔에 대해 이야기하는 주인공 ‘시안’과 친구들의 밝고 따뜻한 이야기를 담고 있다. 그리고 로봇 어른의 손에서 자라는, 색깔에 대해 모르는 아이들이라는 독특한 소재가 우리 일상을 투영하고 있는 것처럼 보인다. 특히 등장인물 중 하나인 시각장애인 소년 ‘아우겐’과의 대화를 통해 보지 못하는 환경에서 느낄 수 있는 감정을 공감하게 한다. 앞을 보지 못하는 ‘아우겐’이 오히려 색깔에 대한 진실을 믿고 색감에 대해 이야기하는 장면에서 우리의 일상에서 놓치고 있는 것들이 무엇일까 고민하게 한다. 때론 꿈을 이루지 않아도 행복한 삶이 될 수 있지 않을까."
역사로 보는 음식의 세계 : 떡볶이는 언제부터 먹었을까?,https://www.mcst.go.kr//attachFiles/cultureInfoCourt/monthServ/1620014947088.jpg,이은정 글  강영지 그림,출판사:크레용하우스,총페이지:쪽,출판년도:2020년,추천자:박효진,"도서소개:떡볶이, 라면, 짜장면, 치킨, 김밥 등은 누구나 흔히 즐겨 먹는 음식이다. 하지만 현대인의 음식이라 생각해 온 이 음식들이 나름의 역사와 사연을 가지고 있다는 사실은 아마 잘 모를 것이다. 궁중 음식이었던 떡볶이가 쌀이 아닌 밀로 만들어지면서 서민 간식이 된 이야기, 라면이 탄생하게 된 배경, 콩으로 만들어졌지만 콩 맛을 전혀 느낄 수 없는 짜장면 춘장의 비밀, 흑인 노예들의 삶과 슬픔이 녹아 있는 치킨에 대한 이야기, 정월 대보름에 먹던 복쌈에서 시작된 김밥의 기원까지. 이 책은 선이와 엄마, 할머니가 캐릭터로 등장하며 이야기를 들려주듯 음식의 역사와 세계 각국의 음식 이야기를 쉽고 재미있게 들려준다. 오늘은 뭘 먹을지 고민인 어린이가 있다면 이 책에 소개된 음식의 사연을 읽어보는 것을 추천한다. 아마 흔히 먹던 음식도 좀 더 특별하게 다가올 것이다."
컬러 몬스터 : 감정의 색깔,https://www.mcst.go.kr//attachFiles/cultureInfoCourt/monthServ/1620014915954.jpg,안나 예나스 글·그림  김유경 옮김,출판사:청어람아이 : 청어람미디어,총페이지:쪽,출판년도:2020년,추천자:김현성,"도서소개:아침에 일어난 컬러 몬스터의 감정이 뒤죽박죽이다. 친구인 소녀가 뒤죽박죽 된 컬러 몬스터의 감정을 정리할 수 있도록 도와준다. 일상생활에서 자주 접하는 다섯 가지 감정인 기쁨, 슬픔, 화, 무서움, 평온함을 태양, 바다, 불, 나무와 같이 친숙한 사물의 색깔과 연결 지어서 이해하기 쉽게 설명해 준다. 컬러 몬스터는 이러한 감정들을 각각의 병에 담아 차곡차곡 정리한다. 아이들은 자신의 감정을 표현하고 조절하는 데 어려움을 가진다. 이 책에서는 개성 있고 친근감을 주는 캐릭터인 컬러 몬스터를 등장시켜 감정들을 명쾌한 색깔과 이미지로 보여주며, 다양한 감정을 놀이하듯 즐겁게 배울 수 있도록 도와준다. 감정 표현에 서툰 아이들이 부모와 함께 읽으면 좋은 그림책이다."
아기곰이 보내는 편지,https://www.mcst.go.kr//attachFiles/cultureInfoCourt/monthServ/1620014884705.jpg,문종훈 지음,출판사:,총페이지:쪽,출판년도:2020년,추천자:갈윤주,"도서소개:비가 많이 내린 어느 여름, 숲 속 동물들에게 위기가 닥쳤다. 새끼를 잃어버린 사슴부부의 울음소리와 공들여 지은 집을 잃어버린 새의 볼멘소리가 숲에 가득하다. 잔뜩 화가 난 멧돼지 아저씨는 이 모든 게 인간들 때문이라며 씩씩거린다. 대체 무슨 일이 일어난 걸까? 아기 곰이 독자들에게 보내는 편지 형식으로 구성된 이 책은 이상기후와 무분별한 개발로 무너진 동물들의 터전을 보여주고 이를 지키기 위해 노력하는 동물들의 이야기가 담겨있다. 아기 곰은 아주 오래 전 생명으로 가득했던 지구의 모습을 알리고 인간들에게 숲과 대지를 지켜줄 것을 호소한다. 과연 숲 속 동물들은 울창한 숲을 만날 수 있을까? 인간이 훼손한 자연에 대해서 생각해보고, 숲 속 동물들이 행복하게 살아갈 수 있는 방법에 대해 고민해 볼 수 있는 책이다."
햇살 속으로 직진 : 남온유 청소년소설,https://www.mcst.go.kr//attachFiles/cultureInfoCourt/monthServ/1622614306368.jpg,지은이: 남온유,출판사:답게,총페이지:214쪽,출판년도:2020년,추천자:우종헌,"도서소개:OECD 국가 중 자살률 1위, 우리나라의 불명예스러운 현실이다. 이 책은 한순간에 가족을 떠나보내고 남겨진 사람들의 이야기를 주인공 지수의 이야기로 풀어낸다. 엄마를 잃은 슬픔으로 세상에 대한 불만에 가득한 지수와, 같은 슬픔을 갖고 모여든 ‘햇살 속으로 직진 모임’ 멤버들. 이들이 서로를 보듬어가는 과정을 보며, 유가족에 대한 우리의 편견이 그들에게 더 큰 아픔이 될 수도 있음을 느낄 수 있다. 설령 가족을 먼저 떠나보내야 했어도 모두가 행복할 권리가 있기에, 자신의 인생을 소중하게 살아가길 응원하게 만드는 책이다. 무거운 주제를 슬프고 먹먹하게 표현하지 않고 흥미진진한 내용으로 풀어가며 문학이 주는 재미도 놓치지 않았다. 주인공 지수의 세상으로의 직진을 같이 응원하고자 하는 마음으로 이 책을 추천한다."
미미네 점방으로 놀러 오세요! : 생활 속 사회 이야기,https://www.mcst.go.kr//attachFiles/cultureInfoCourt/monthServ/1622614188005.jpg,"글: 서해경, 이소영  그림: 심윤정",출판사:지학사아르볼 :  지학사,총페이지:175쪽,출판년도:2020년,추천자:최은실,"도서소개:서울에서 살던 미미가 아빠의 실직으로 시골 할머니 집에서 지내게 되는 이야기를 통해 우리 사회에서 일어나는 다양한 문제를 다루고 있다. 어린이들에게는 어려울 수 있는 사회 문제를 주인공 미미의 일상생활에 빗대어 쉽게 이야기한다. 부모님과 단출하게 살던 미미는 할머니 집에 와서 이웃을 알아가며, 미미네 점방 앞 평상에서 친구, 이웃과 자연스럽게 생각을 나누고 깊이 있는 토론도 한다. 미미는 어른, 아이 할 것 없이 모두가 마을 문제에 대해 관심을 가지고 해결하려는 모습을 지켜보면서 이 세상은 이웃과 더불어 사는 세상임을 알게 된다. 미미네 점방 앞 평상은 마을사람들의 회의장이며, 토론장이다. 다문화가족, 노동권, 민주주의 등 총 21개의 주제를 미미의 시선으로 어린이 독자들에게 전달하며 사회교과와 연계되어 자연스럽게 지식습득도 가능해지는 책이다."
지구에 온 너에게,https://www.mcst.go.kr//attachFiles/cultureInfoCourt/monthServ/1622614150464.jpg,소피 블랙올 글·그림  정회성 옮김,출판사:비룡소,총페이지:74쪽,출판년도:년,추천자:김현옥,"도서소개:어느 날 당신이 외계인을 만난다면 지구를 어떻게 소개할 것인가? 마땅한 생각이 떠오르지 않는다면 ‘퀸’의 지구안내서를 참고해 보자. 퀸에 따르면, 지구는 초록과 파란 빛의 행성이며, 70억 명의 사람들이 도시와 마을에 모여 산다. 사람들은 비슷해 보이지만 피부색, 언어, 생각 등이 각기 다르다. 지역마다 날씨환경이 다르고, 그 속에서 다양한 생물들이 살고 있다. 새나 고래처럼 눈에 보이는 것도 있고, 바람이나 중력처럼 보이지 않는 것도 있다. 저자가 세계 각지의 어린이들과 교감하며 5년에 걸쳐 쓴 이 책은 참신한 그림과 생생한 색채로 장면마다 보는 이의 상상력을 자극한다. 특히, 퀸의 사랑스런 편지가 어느 날 우주인에게 전달되는 깜짝 결말이 무척 재미있다. 책을 읽으며 우리가 사는 지구가 얼마나 아름다운지 새삼 깨닫는다. 우리는 서로 다르고 세상에 대해 전부 알 수 없지만, ‘지금 이 순간, 지구라는 아름다운 행성에 함께 살아가고 있는’ 존재임을 잊지 말아야겠다. 칼데콧 2회 수상작가라는 타이틀에 걸맞는 작품이다."
다행히 괜찮은 어른이 되었습니다 : 미래가 두려운 십대에게 보내는 편지,https://www.mcst.go.kr//attachFiles/cultureInfoCourt/monthServ/1625127310367.jpg,김혜정 지음,출판사:자음과모음,총페이지:198쪽,출판년도:2021년,추천자:한원민,"도서소개:‘진짜 어른’, ‘괜찮은 어른’이 된다는 건 어떤 것일까? 이 책은 불안하고 무기력한 지금 십대들에게 어른이 되는 과정에 대해 조언한다. 시험에 대한 걱정과 미래에 대한 고민이 많은 청소년들에게 작가의 경험을 바탕으로 다정하고도 직접적인 도움이 될 수 있는 위로의 마음이 전해진다.미래의 내가 10대의 자신에게 보내는 편지 형식으로 쓴 글에서는 친한 친구의 고민을 상담해주는 것처럼 친근감이 느껴진다. 특히 작가는, 친구와의 불편한 관계나 다른 사람과의 비교 등으로 고민하는 청소년들에게 스스로 생각하고, 느끼고, 경험한 것을 바탕으로 살아가라고 말한다. ‘세상이 나에게 너그럽지 않다면 나라도 나에게 너그럽게 대해야 한다’는 말처럼 청소년들이 스스로를 이해하고 응원하기를 바라는 마음으로 이 책을 추천한다."
(초등학생을 위한 똑똑한) 돈 설명서 : 어떻게 돈을 벌고 저축하고 쓰고 불리고 기부할까?,https://www.mcst.go.kr//attachFiles/cultureInfoCourt/monthServ/1625127274112.jpg,지은이: 라슈미 시르데슈판드  일러스트: 애덤 헤이즈  옮긴이: 이하영,출판사:솔빛길,총페이지:159쪽,출판년도:2021년,추천자:박효진,"도서소개:사람들은 돈에 대해 얼마나 알고 있을까? 돈은 많으면 많을수록 좋다고 생각하지만 어떻게 벌고 어떻게 써야 하는지에 대해서는 막연하게 생각한다. 특히 어린이는 돈에 대해 몰라도 된다고 생각하던 시절이 있었다. 하지만 이제는 경제 지식이 생존 지식이 되어 가고 돈도 배워야 하는 시대가 되었다. 돈은 무엇이며 올바른 돈 습관은 어떤 것인지 어렸을 때부터 제대로 알아야 독립적인 경제 주체로 성장할 수 있다. 이 책은 돈의 정의부터 시작해 돈을 벌고, 쓰고, 저축하고, 불리고, 기부하는 방법까지 돈에 대한 모든 것을 이야기 방식으로 이해하기 쉽게 알려준다. 돈뿐만 아니라 요즘 뉴스에 심심치 않게 등장하는 주식, 가상화폐 등에 대해 궁금해하는 어린이가 있다면 어른과 함께 읽고 이야기를 나눠보는 것도 좋을 것이다."
오늘은 돈가스 카레라이스,https://www.mcst.go.kr//attachFiles/cultureInfoCourt/monthServ/1625127224540.jpg,오승민 지음,출판사:한울림스페셜 : 한울림,총페이지:32쪽,출판년도:2021년,추천자:갈윤주,"도서소개:말썽꾸러기 진우의 모든 행동에는 사실 이유가 있다. 잔소리 총알을 쏟아내는 돼지 괴물을 피하고, 친구를 괴롭히는 투명 인간을 무찔렀을 뿐인데, 선생님과 부모님은 야단치거나 한숨을 쉰다. 누구 하나 자기의 마음을 이해해주지 않는 것 같아 진우는 몹시 슬프다. 그러던 어느 날, 병원에서 만난 하얀 곰은 진우의 이야기를 듣고 고개를 끄덕이며 말한다. “그건 좋지도 나쁘지도 않아. 조금 다른 거지.” 작가는 ADHD를 겪는 아동의 모습을, 언제나 주위에서 말썽꾸러기로 취급받는 진우를 통해 따뜻하게 그려냈다. 또한 실제 눈으로 보이는 현실세계는 무채색으로, 진우에게만 보이는 특별한 세계는 생동감 있는 파란색으로 표현하여 ADHD 아동의 세계에 대한 이해를 더했다. 주변 사람에게 오해를 받아 마음에 상처를 입은 ADHD 아동들과 그들의 특별한 세계를 이해하고 따뜻한 위로를 건네고 싶은 이들에게 추천한다."
길 잃은 아기 늑대,https://www.mcst.go.kr//attachFiles/cultureInfoCourt/monthServ/1625127192861.jpg,글: 레이철 브라이트  그림: 짐 필드  옮김: 권미자,출판사:에듀앤테크,총페이지:29쪽,출판년도:2020년,추천자:김현성,"도서소개:모든 걸 혼자 힘으로 해내고 싶은 아기 늑대 윌프는 새로운 보금자리를 찾아 늑대 무리와 함께 먼 길을 떠난다. 하지만 험난한 길에서  윌프는 무리와 멀어지게 되고, 결국에는 길을 잃고 만다. 윌프는 무리를 찾아가는 도중에 온갖 어려움에 처하지만 일각돌고래, 바다코끼리, 사향소, 북극여우 등 동물 친구들의 도움을 받아 무사히 늑대 무리와 다시 합류하게 된다. 윌프는 모두가 함께 할 때 힘들고 어려운 시간을 잘 헤쳐 나갈 수 있다는 걸 깨닫게 된다. 자립심이 강한 아이들은 어려운 상황에 직면하더라도 주위에 도움을 요청하지 않고 혼자서 일을 처리하려고 한다. 물론 아이들이 나중에 사회 생활하는 데 있어 어느 정도 자립심은 필요하겠지만, 주위의 도움을 받아 어려운 상황을 슬기롭게 헤쳐 나가는 것도 중요하다. 이 그림책은 길을 잃은 아기 늑대 윌프의 이야기를 통해 주위의 도움에 감사하고 다른 사람이 어려움에 처했을 때 도움을 주어야 한다는 것을 깨닫게 해 준다. 또한 일각돌고래, 사향소 등 평소에 접해 보지 못했던 북극 동물들을 아름다운 배경과 그림체로 묘사하여 예술적 감수성을 키워 준다."
순례 주택 : 유은실 소설,https://www.mcst.go.kr//attachFiles/cultureInfoCourt/monthServ/1627969771650.jpg,유은실,출판사:비룡소,총페이지:248쪽,출판년도:2021년,추천자:우종헌,"도서소개:주인공 수림이는 엄마의 양육이 어려운 상황에서 외할아버지와, 외할아버지의 여자친구 순례씨에게 키워졌다. 수림이는 진짜 가족보다 자신을 키워준 순례씨가 더 편하다. 서로 배려하고 어울려 살아가는 순례씨의 다세대 주택 주민들이 좋다. 순례주택을 무시하던 부모님은 아파트 생활을 갑자기 청산하고 순례주택에 들어가야 할 상황이 되는데……. 수림이 가족은 순례주택에 무사히 적응할 수 있을까? 돈이 최고인 세상에서 살아가는 어른들에게 일침을 던지는 작품이다. 작가 특유의 역설과 반어가 가득한 문장으로 현실을 비판하는 주제를 전한다."
내 이름을 들려줄게,https://www.mcst.go.kr//attachFiles/cultureInfoCourt/monthServ/1627969726574.jpg,조연화 글 / 황여진 그림,출판사:단비어린이 : 가치창조,총페이지:109쪽,출판년도:2021년,추천자:이윤경,"도서소개:내 이름은 강뉴, 얼굴은 까맣고 머리카락은 꼬불꼬불하지만 한국 사람이다. 같은 반 친구들은 머리카락 때문에 ‘푸들’로도 부르고, 에티오피아 가난뱅이를 줄인 말로 ‘티뱅’이라고도 부른다. 하필 오늘 숙제는 강뉴가 제일 싫어하는 우리 가족 자랑거리를 조사해오는 것이다. 같은 반 해준이는 할아버지가 베트남 참전용사라며 벌써부터 자랑한다. 집에 돌아와 혹시 내가 모르는 자랑거리가 있을까 하고 할아버지께 퉁명스럽게 한국에 어떤 이유로 오게 되었는지 물어보았다. 할아버지는 한국전쟁을 도와주러 오셨다고 한다. 그 이야기가 정말일까? 강뉴는 할아버지 말씀이 사실인지 확인하려고 춘천에 있는 참전기념관에 갔다. 그곳에서 강뉴라는 이름의 비밀을 알게 되었다. 이 책은 6.25 참전국과 참전용사의 존재를 다시 알리는 한편 외모와 인종으로 차별하지 말아야 한다는 걸 말한다."
비 너머,https://www.mcst.go.kr//attachFiles/cultureInfoCourt/monthServ/1627969681239.jpg,"페르난도 빌렐라, 미셸 고르스키 글 /  페르난도 빌렐라  그림 / 오진영 옮김",출판사:스푼북,총페이지:35쪽,출판년도:2021년,추천자:최은실,"도서소개:2035년, 주인공 카를로스는 유명한 과학자가 된 친구 안토니우 박사를 만나러 오랜만에 고향인 상파울루를 찾는다. 비행기에서 내려다 본 도시는 푸른 숲과 경작지가 예전보다 늘어나, 몰라보게 달라진 모습이었다. 2010년, 비가 많이 내리던 해에 어린 카를로스와 친구들은 기발한 아이디어로 도시에서 비를 처리하는 문제를 해결하려고 했다. 아이들의 엉뚱한 발명품은 과연 성공적으로 미래를 변화시킬 수 있었을까? 그것은 변화한 도시의 모습과 어떤 관련이 있을까? 이 책에서는 어린이들의 창의적이고 기발한 상상력으로 ‘우리의 미래는 우리가 바꿀 수 있다’는 점을 말하고 있다. 아이들의 생각이 환경문제 해결에 적용된 실제 사례가 수록되어 아이들과 함께 이야기를 나눠볼 수도 있다."
나는 강물처럼 말해요,https://www.mcst.go.kr//attachFiles/cultureInfoCourt/monthServ/1627969649558.jpg,조던 스콧 글 / 시드니 스미스 그림 / 김지은 옮김,출판사:책읽는곰,총페이지:45쪽,출판년도:2021년,추천자:김현옥,"도서소개:매일 아침 수많은 낱말의 소리를 듣지만, ‘나’는 말을 하는데 어려움을 느낀다. 말을 하려고 할 때마다 단어들이 목에 걸리는 것 같다. 발표시간, 선생님은 세상에서 가장 좋아하는 곳을 말해보라고 한다. 나는 끝내 대답하지 못한다. 친구들은 겁먹은 나를 쳐다보며 비웃는 것만 같다. 아빠와 조용히 강을 따라 걸으면서도 학교에서 있었던 일이 생각나 속상하다. 아빠는 그런 나를 보며, 내가 강물처럼 말한다고 위로한다. 강물은 소용돌이치면서 거침없이 어디론가 흘러가는 것 같지만, 때로 강어귀에 닿을 때나 다른 물살과 합쳐질 때 머뭇거리며 느려지기도 한다. 자연의 모습에서 말을 더듬거리는 것과 유사한 일들이 일어나고 있다는 것을 비유적으로 표현한 방식이 참으로 멋지다. 시인이기도 한 작가의 자전적 경험이 담겨있어서인지 이야기 자체가 하나의 시처럼 보인다. 아이가 두려움을 극복하고, 서서히 자신을 수용하는 과정을 그린 그림도 섬세하고 아름답다."
나만 공감 안 되는 거였어? : 혐오와 조롱이 오락이 되는 세상,https://www.mcst.go.kr//attachFiles/cultureInfoCourt/monthServ/1630469490227.jpg,지은이: 이은호 / 그린이: 김학수,출판사:파랑새,총페이지:191쪽,출판년도:2021년,추천자:한원민,"도서소개:이 책은 우리가 미처 인지하지 못한 사이에 주변에서 일어나는 차별과 선입견에 대해 알려주고 있다. 특히 영화나 드라마처럼 우리의 일상에서 흔히 접하게 되는 , 대중문화에서 나타나는 인종, 장애인, 여성, 노인 등에 대한 차별이 섞인 표현들을 객관적인 시선에서 바라본다. 한편으로는 <스토브리그>나 <라이프>처럼 장애인 역시 일상을 살아가는 보통의 존재라는 사실을 일깨우는 드라마를 소개하여 변화하고 있는 우리 사회의 모습을 투영하기도 한다. 작가는 영화 〈내 안의 그놈〉, 〈7번방의 기적〉 등을 보며 느꼈던 재미와 감동에 의문을 던진다. 외모에 대한 편견, 장애인에 대한 선입견을 받아들인 것은 아닐까? 드라마 <동백꽃 필 무렵>에 나온 아이를 보육원에 위탁한 엄마를 손가락질하는 대신 한부모 가정의 경제적 자립을 위한 지원책이 부족하다는 사실을 지적하는 것이 올바르지 않을까? 이런 질문을 독자에게 던짐으로써 독자로 하여금 바르지 못한 부분을 반드시 짚고 넘어가야 하는 이유를 깨닫게 한다."
긴긴밤,https://www.mcst.go.kr//attachFiles/cultureInfoCourt/monthServ/1630469448351.jpg,루리 글·그림,출판사:문학동네,총페이지:144쪽,출판년도:2021년,추천자:박효진,"도서소개:이 책은 지구상에 마지막으로 남은 흰바위코뿔소 노든과 버려진 알에서 태어난 이름 없는 펭귄이 그들만의 바다를 찾아 가는 이야기이다. 이들의 삶은 험난하고 고단하다. 태어날 때부터 내가 누구인지도 모르고, 사랑하는 가족과 친구도 잃고, 내일은 또 어떤 일이 벌어질지 몰라 두려워하며 하루하루 긴긴밤을 보낸다. 하지만 지금까지 자신들을 있게 해준 사랑하는 이들이 그랬던 것처럼 코뿔소 노든과 어린 펭귄은 서로를 보듬어주고 지켜주며 한걸음씩 나아간다. 과연 이들은 험난한 긴긴밤을 얼마나 더 보낸 후에야 원하는 것을 찾을 수 있을까. 이 책은 전혀 다른 존재에 대한 사랑과 생명의 존엄에 대한 이야기뿐만 아니라 중간 중간 감동을 더하는 그림도 볼만하다. 아이뿐만 아니라 어른들에게도 권하고 싶은 책이다."
하나의 작은 친절 : 마르타 바르톨 그림책,https://www.mcst.go.kr//attachFiles/cultureInfoCourt/monthServ/1630469404161.jpg,지음: 마르타 바르톨,출판사:소원나무,총페이지:64쪽,출판년도:2021년,추천자:갈윤주,"도서소개:불빛 하나 없이 삭막한 도시 속, 잃어버린 반려견을 찾아 나서는 주인공의 슬픈 표정으로 이야기는 시작된다. 반려견의 모습이 담긴 포스터를 거리에 붙이고 다니던 주인공은 거리의 배고픈 기타 연주자에게 자신의 사과 한 개를 건넨다. 그때 그 옆을 지나던 한 사람이 우연히 그 모습을 바라보고, 길 위에 버려진 쓰레기를 주워 쓰레기통에 넣는다. 작은 친절은 조용히 퍼져 나가 결국 주인공에게 큰 행복이 되어 돌아온다. 마지막 장을 넘기면 삭막했던 도시가 친절을 베푼 사람들로 생기 있게 빛나는 모습을 볼 수 있다. 이 책은 글이 없는 그림책이다. 이를 통해 작가는 우리가 말없이 베푸는 친절과 그 친절이 소리 없이 퍼져 나가는 모습을 보여준다. 또한 우리 삶에 숨어있는 작은 친절을 빨간 사과, 빨간 풍선, 빨간 우산 등 색깔을 활용해 표현함으로써 독자들이 쉽게 알아 챌 수 있도록 하였다. 우리 주변에서 존재하는 작은 친절을 찾아보고, 오늘 내가 베풀 수 있는 친절은 무엇이 있을지 생각해 볼 수 있는 책이다."
뻥! 나도 축구왕,https://www.mcst.go.kr//attachFiles/cultureInfoCourt/monthServ/1630469366707.jpg,허아성 글·그림,출판사:비룡소,총페이지:47쪽,출판년도:2021년,추천자:김현성,"도서소개:‘FC 불꽃’과 ‘FC 청룡’ 팀이 어린이 8인제 혼성 축구 경기를 한다. 유나는 ‘FC 불꽃’의 오른쪽 공격수이다. 유나는 자기보다 키가 크고 힘이 센 상대팀 선수들을 제치고 나아간다. 종종 어려운 상황에 직면하면 같은 팀 선수에게 패스하여 해결한다. 상대 팀 골문으로 찬 슛이 골키퍼에 막혀 들어가지 않지만, 동료들의 격려를 받으며 실망스러워 하지 않는다. 도쿄 올림픽 때 한국 선수들의 선전으로 인하여 운동 경기에 대한 국민들의 관심이 뜨겁다. 이 책은 어린이 8인제 축구 이야기를 공격수 유나의 시선으로 경쾌하고 생동감 있게 그려냈다. “한번 부딪쳐 보는 거지.”, “괜찮아, 잘했어!” 등 긍정의 메시지를 책을 읽는 아이들에게 전한다. 축구를 좋아하는 아이들은 물론, 축구를 좋아하지 않는 아이들도 책을 읽으며 축구에 대해 배우고, 또 축구를 통해 인생을 살아가는 방법도 알게 해 주는 그림책이다."
